

export const profesores = [
  { id: 1, name: "Carlos Araujo", subject: "Visualización Datos", year: 2025, like: 10, difficulty: 2, recommended: "Sí", mood: "Divertido", x: 20, y: 40 },
  { id: 2, name: "Nicolas Allo Gomez", subject: "Álgebra", year: 2023, like: 10, difficulty: 4, recommended: "Sí", mood: "Divertido", x: 35, y: 55 },
  { id: 3, name: "Francisco Ciocchini", subject: "Microeconomía", year: 2024, like: 8, difficulty: 4, recommended: "Sí", mood: "Divertido", x: 50, y: 50 },
  { id: 4, name: "Felipe Tappata", subject: "Microeconomía", year: 2024, like: 9, difficulty: 4, recommended: "Sí", mood: "Interesante", x: 65, y: 60 },
  { id: 5, name: "Gervasio Perez", subject: "TD3", year: 2025, like: 8, difficulty: 5, recommended: "Sí", mood: "Interesante", x: 80, y: 45 },
  { id: 6, name: "Juan Edi", subject: "TD3", year: 2025, like: 7, difficulty: 5, recommended: "Sí", mood: "Interesante", x: 25, y: 70 },
  { id: 7, name: "Pablo Dobrusin", subject: "TD2", year: 2023, like: 2, difficulty: 5, recommended: "No", mood: "Aburrido", x: 45, y: 40 },
  { id: 8, name: "David Gonzalez", subject: "TD2", year: 2023, like: 3, difficulty: 5, recommended: "No", mood: "Aburrido", x: 15, y: 65 },
  { id: 9, name: "Francisco Corigliano", subject: "Historia Occidental", year: 2022, like: 8, difficulty: 1, recommended: "Sí", mood: "Interesante", x: 40, y: 75 },
  { id: 10, name: "Gabriela Spinetto", subject: "Diseño", year: 2022, like: 2, difficulty: 3, recommended: "No", mood: "Aburrido", x: 75, y: 50 },
  { id: 11, name: "David Laviosa", subject: "Gestión Proyectos", year: 2025, like: 7, difficulty: 2, recommended: "Sí", mood: "Interesante", x: 60, y: 65 },
  { id: 12, name: "Tomas Bustos", subject: "Economía", year: 2023, like: 9, difficulty: 5, recommended: "Sí", mood: "Divertido", x: 30, y: 55 },
  { id: 13, name: "Victoria Venuti", subject: "Matemática", year: 2023, like: 10, difficulty: 4, recommended: "Sí", mood: "Divertido", x: 50, y: 45 },
  { id: 14, name: "Martín Vacas", subject: "Matemática", year: 2023, like: 3, difficulty: 4, recommended: "No", mood: "Aburrido", x: 10, y: 50 },
  { id: 15, name: "Romina Botzman", subject: "Matemática", year: 2024, like: 9, difficulty: 3, recommended: "Sí", mood: "Divertido", x: 70, y: 55 },
  { id: 16, name: "Fernanda Milman", subject: "Contabilidad", year: 2023, like: 7, difficulty: 3, recommended: "Sí", mood: "Interesante", x: 55, y: 70 },
  { id: 17, name: "Emilia Ghelfi", subject: "Expresión Oral y Escrita", year: 2025, like: 10, difficulty: 2, recommended: "Sí", mood: "Divertido", x: 40, y: 60 },
  { id: 18, name: "Michelle Baros", subject: "Comprensión de Textos", year: 2024, like: 8, difficulty: 3, recommended: "Sí", mood: "Interesante", x: 60, y: 40 }
];